,Effect (+),Effect (-),Cause (+),Cause (-),Acausal,Total
Artensterben_oa,24.642857142857142,36.07142857142857,1.0714285714285714,1.0714285714285714,37.142857142857146,280
Bienensterben_oa,31.57894736842105,17.54385964912281,5.2631578947368425,0.0,45.6140350877193,57
Insektensterben_oa,12.658227848101266,30.379746835443036,6.329113924050633,0.0,50.63291139240506,79
Waldsterben_nk,16.31644004944376,5.19159456118665,5.686032138442521,1.6069221260815822,71.19901112484548,809
Artensterben_nk,31.843575418994412,12.476722532588454,3.910614525139665,5.400372439478585,46.36871508379888,537
Insektensterben_nk,25.2,12.4,4.0,2.8,55.6,250
Bienensterben_nk,41.785714285714285,6.785714285714286,5.0,0.7142857142857143,45.714285714285715,280
Waldsterben_oa,18.3206106870229,22.900763358778626,1.5267175572519085,3.816793893129771,53.43511450381679,131
